renda,idade,score,divida
9068.379333694016,32.091299157097644,470.41591421430394,267.24565507223537
8604.120889588517,38.56992752533376,347.1868566947192,10781.404464833193
10303.63875210479,41.366293708258844,350.01449745217263,9927.030431620804
6520.555776860276,19.62742876191642,807.7730608418757,2928.826433276148
9259.2332397868,36.935094387106,679.1036266742104,4407.792820157113
9146.440870400727,38.264713802585476,369.9064375739072,18664.853198210916
7026.621161972966,34.77964594947559,496.1977431198985,3799.687723683861
9007.13333647316,47.330190712127035,625.8656466458781,11786.359028174376
8336.144963026229,40.37424059400697,759.5644377998567,433.4503674848275
7772.523740046592,47.48153526464718,324.0135107921547,1060.1023928785767
7176.064513028001,35.27231583719814,430.14822230850484,2905.8375903162314
7280.890548550814,44.4998199400554,789.361944662459,4394.454631891216
10049.812095785926,50.080531156220154,305.04105260109907,8470.293070364205
8000.682818957483,47.49354759418129,410.76950653663806,22224.66823166207
8782.13000153146,28.262867252570135,827.4632967851313,2462.076496909344
7209.100618332447,34.97059137966095,637.371015587194,242.8830246096034
7220.147053778361,34.238682356401625,443.91925165062855,8076.563257237442
9081.984809249941,40.914036280610624,336.8451019177162,4636.514710028536
6650.423788448468,42.49082844011627,315.5052372459722,1106.618908425252
7584.786232094729,30.28885860779411,434.60979380031,3414.2860876487057
8034.027411072232,37.5427081113355,784.8172007739008,6779.994598574825
8111.372601840052,20.84058134275091,528.7525098636302,7357.339766307602
7820.906714983844,48.53556004641512,696.1833530412962,3461.9214781409596
8395.819781095923,32.90100607458645,805.0567694589768,1820.7607875606307
8692.85575581781,37.446911518755975,524.4222538815491,18199.033704277434
8734.63754545933,34.52280228809551,405.2025540705684,5443.7446241678535
7014.196191332173,46.16822060010732,584.4148619713058,2623.2496985922016
7715.844902071203,14.299948468820968,799.4460278829199,1645.7382048613476
9194.762861876938,36.86711726139273,742.4059277757353,6567.134045626735
8894.647187573872,36.15344994001842,336.2064138497346,1386.5696764311988
6627.140548518936,33.37090889926654,680.91504004267,941.959655295486
8351.479900352202,50.80981236508506,614.5436373524246,3773.3460948931443
6021.77475062519,29.90136432915383,799.1047469905341,1712.3627613259496
8046.9349020603695,43.17436941788529,367.3647792676635,4956.487874967038
9897.767016745976,39.850022309648665,593.7198622625612,627.4684788568368
7052.107282731014,47.09215402028413,783.7044814315408,5320.200825606211
7165.676954508418,31.662487321779956,525.5130827079587,1665.4654578247548
8764.029781572859,31.136248807009927,565.0972047530769,1.214819739312185
6457.198484790354,45.768559259819185,338.7533727168271,678.7324073264738
7367.244970114961,40.40257046664088,452.97900224690096,13561.449216118886
8596.441137581753,24.640501226585933,478.47865704292104,10100.380858048507
7365.714152310597,32.68555988429384,819.8173468096878,1330.3141870544837
7764.030012789029,40.09106123078449,455.46704829763746,7533.772738017409
8744.185710315034,43.70211377237271,553.4778043983085,4689.763245864377
8421.546083536561,31.566154774456358,669.2174329603539,17685.895117032975
8266.818396295403,13.685952081464471,389.20085482433257,2338.8758468120914
7660.877720729961,41.18578548589627,567.5433129280309,5720.045730248467
8370.061115268956,27.237434480448194,706.1964717117492,328.2195121597226
7876.267319900244,20.86128961502071,776.7703671648862,2522.9533975901118
8457.805609925785,14.341392600126873,644.4426010643347,16595.920786641
7503.067974882022,43.51184688158193,667.9794334243213,3871.578748765201
7817.431025620459,38.028939603239735,369.4559099215129,1697.5407249992245
7010.042207447987,35.194748954301986,820.177073485491,640.7066578543061
7964.992389993764,48.11219490370209,372.9157426164653,6079.018237562055
7188.999136371155,42.09859746418458,726.0701154499891,5176.160301193583
6885.953549838006,49.93040034177533,445.6489769780753,2341.535055413361
8258.661147855388,25.85811622266403,813.4762290356883,15073.693979444273
8212.73977585766,36.72359500836829,695.9777466532137,112.26502847869675
8782.873734948573,24.066293000415886,714.5975421381029,1810.0446622064667
7568.874430424901,35.164941345156265,420.48254518293584,12695.936934896046
8408.052846836756,35.011073169866584,543.6719871493384,1935.1953623353222
8550.797572273663,42.012909098104565,639.7972570241075,1453.4518566117547
8444.773807831594,37.36451104913519,723.4854900136305,3820.2136971658233
7174.346317197858,41.987257106239326,357.17765675181425,8680.727484869858
8149.363482271189,42.627521065111154,829.3009240499906,544.3152166438284
8364.140296054662,54.23942941906513,789.6213688050059,14325.337021425268
8007.178466907942,34.47762675771101,448.69172477257143,7925.504405060589
5913.5223416289155,29.47181839466897,752.5181336677826,999.884020783785
8160.48962397348,38.96866892253127,585.0781576719029,6224.112211387216
10212.531039397243,30.58175978288365,553.9935648591103,2430.329478827
7639.960731243017,48.855686147492285,472.93875819627294,2573.2870959337415
7271.922902144679,34.73425568843814,619.5327226473759,7645.978256567997
8373.348559711398,32.47538905700808,701.4390147369788,16455.191067279175
8312.378210466572,33.229474230791055,526.0130977295171,677.1280581810302
9192.735165416414,42.747339387773124,646.0705561545607,2729.0719077220588
6742.131844091113,35.73802413414812,684.6221066354171,3278.6944681838513
8731.380252574992,31.866665438956943,691.1169993584072,2360.5237108317033
8590.422061251464,50.32281534098825,328.58135397214915,2256.412825032316
7857.853463059454,30.150641274706,772.8612931267868,268.42110747314246
8338.68731792169,37.284528592263946,552.0393231207763,5784.470051316598
9029.457481598358,42.21844921288184,444.32884493291795,2865.4063598325565
8872.31538002845,23.949319116663414,432.97047911382487,1083.284442896811
6856.9806879262715,40.8420840112474,565.6577620641727,8465.00807839973
8820.158186755485,28.559138596156405,787.7573467079276,8111.621637664847
7935.311394967482,43.582262246672016,508.0911699254558,3331.471131446317
8072.874098015515,29.29879190464819,712.3491607309488,1772.3202427630595
8073.196991001694,42.542152254790885,353.25030204297025,5081.836242885042
7849.75701120174,45.8466645303577,561.8311861830839,1699.4553212316844
9191.707497107065,43.89149220506244,845.4273772160046,1345.9893493717393
7916.282040150788,39.01053318590482,723.7407915357853,6556.206324886139
6880.453871616832,35.1495924565624,415.79066864233715,205.80421649504535
7606.4701440302715,32.388643389321246,575.7928105338509,497.8226744548748
8178.694716810475,48.768277526536835,428.4936200067116,34.05659237692856
9229.21478429705,31.404038238658856,525.2585099943801,829.9375519972731
8603.094684948834,28.70347141144003,729.0462130542306,357.42634990059827
7149.464721252956,42.32295148026264,724.1736484097221,27366.173348935434
10485.189916678892,30.630905574508038,425.45520784631185,1704.0780668816437
8264.77531097798,29.399492020270984,807.222824985173,808.2906925953148
9275.390737999014,25.451165902641883,625.9125005206547,1378.742857110021
7848.285566422771,33.13672128431586,508.958360029108,13754.180891445289
8533.359244705449,36.338279808828055,576.0645694294733,3671.5151438531675
8839.468504518405,38.94473382128559,632.789189390759,2269.219293023417
9218.194711754255,44.61044995439587,607.939792515182,10333.276492386647
9057.368305378224,41.21518338932635,567.522769544898,2512.5536967173443
8872.197000072978,35.47302224357456,577.71304224917,2039.9056278187638
7684.913268805892,35.414434588962244,397.0265507353374,1161.4419569062113
7428.253958043939,41.08125975132147,747.0030973675737,2372.4429495900918
8332.607510324198,47.180561303428554,597.9681759675584,1903.991913534507
8933.12807234107,38.0105135958656,372.0939239375867,5655.222246420455
7777.279299223393,33.24695316631673,721.3864058705278,1709.5137084892037
9065.171965714386,29.057071991315638,812.844188107543,4304.277126144056
9452.616745486179,25.438357884702196,821.0187945803292,340.8169620991092
7083.67908092658,42.33015737634818,502.959752826145,1061.5692532815415
7163.07929620372,41.62382818911646,374.53428045841474,2616.2226980759688
7859.624941094664,41.61890820085329,585.1197946481859,13819.076916568158
8307.612668189196,35.970724429183555,361.93507614207135,2368.0665673454528
7475.432986232949,48.255477967134006,813.6930801819395,5454.323710817296
9352.202678867145,33.127052043321456,400.9687950453303,1472.4407226616777
8424.066861518451,44.64215389765764,439.02122297314025,679.290921662971
8039.44704824074,36.690056840083656,523.6500897867337,301.59902931295767
6564.090476131472,32.1331938825653,510.74045770751917,1822.1928620472218
6684.184183572493,41.74024245854209,737.064590818839,857.8638237625114
8281.009250281806,40.27708894947195,550.9742513030293,955.865772355449
5867.404373845164,39.85578207413541,393.92254300183527,7151.425779672394
9012.637409644072,37.65022737644959,446.96544251734076,79.82416710420038
7841.84615562768,36.69685534626535,580.0123618531371,4080.0795468166657
11243.092969594734,56.10697594296351,381.0996545843742,2385.837185508769
10307.91625061611,46.47405316156939,636.4106216053078,3531.6687108939373
7818.5509307524835,42.782615159884095,611.1610186031303,4137.168430647967
7893.662997468685,37.89439326562711,693.0862740102417,1879.7817379522523
8995.58151400203,45.057257604773355,815.7375384586522,1748.5594985074176
9703.172609918038,41.14395821113162,801.7400086056357,6610.064040008348
6361.970942563983,37.20963802219229,820.3415899378572,10250.461889429513
6213.624534645313,34.57148539787268,434.5935783630355,1069.5666091172404
7377.965194445618,36.35266129869849,372.360918651645,513.5909402728504
8582.737583173865,11.636594112975555,466.2521852730467,11403.91284354126
8496.873590507597,38.68480671438113,792.296845021473,2153.1105193279263
9069.77145498385,33.09219135911712,834.6294110429185,4007.1976231794624
6800.302471634692,49.74135998626307,772.6287230887618,2227.867603005749
5683.856137031124,37.15475256649403,360.509746620149,672.2438455487219
8858.014195302145,27.488292643720307,821.0853989328863,4449.846561183244
7171.803727034765,36.60095876697506,532.8469150429323,3723.6852448127365
5981.512135611362,28.631031319499968,305.1206599192945,1134.4625945431872
8145.063745959382,40.78725932569973,543.3165574115064,3006.205254850898
8793.175688218678,39.327578914715886,325.3380433215072,7971.453662318263
7877.942867878723,44.66271704886614,599.1328566386146,4463.189677891616
7542.151613817511,30.672945666443475,486.2047150903782,509.70588060132667
7840.637767854094,37.27206476982517,560.3892134767268,3970.603302611896
7629.4172375992175,26.079825636586918,637.2436984087144,6065.711904943017
6651.952888059833,42.61195825539772,777.8406026998011,7868.0234445599235
7285.3193230095685,41.15096944352098,664.0458670595608,4959.350950740395
8521.279905013815,40.966440168220565,538.7268776629994,828.2554098549757
8321.6785413765,37.01295225085553,750.6853195187008,6192.360027795475
8168.05980596682,40.31818312631033,798.0701756652227,5655.809316028659
7004.851518146621,49.83471286646877,365.8679815377085,123.65084154863877
7818.4968378643325,34.719245943663886,592.5631376540352,2652.996431925321
5822.9349535571455,38.10916146968068,456.4815778583443,2024.4532179403388
8178.47666388539,28.310989606548723,325.8836588323211,5534.4129312817695
9428.857707813568,30.05391230721334,667.7006823126919,1217.5975181309798
6525.867867957894,37.78250634474646,774.5239276025741,4468.635125986725
7414.072326682244,45.83146837361526,389.5964599625667,12221.086720848969
8329.10677871013,34.94975340598742,746.8275116931452,7992.548522278612
9252.842634427483,35.112667765503005,769.367653445318,12720.592034643583
7551.775383699851,33.744918043965,802.8872434665659,19199.899570603033
7307.749670734103,32.721946633245416,445.9067989973288,53.63730508415552
6031.0768575839165,39.35977164567057,797.1741858544391,4874.120286768171
8103.438129308106,25.021938838570843,476.36451510503775,2662.2844910440986
10042.076040143744,47.24751661333382,603.7859074005265,9825.370206894419
8277.358461964675,31.676621614964315,327.77910895775517,1450.5230354980322
7977.721020816287,42.77522788350513,324.134598602809,19824.347820973486
8322.082310766986,26.840011220848993,696.2052670027116,4755.808199875369
7988.907996051398,42.35072104436975,544.463987887785,7888.180037904565
7186.98562773987,42.37555686251598,440.96080645306967,447.43338731344227
8823.279915677706,40.07361657604717,404.7274228137006,1013.3839384611737
8225.761523111754,29.04457182560166,668.4744199725699,7102.435079965912
8017.613251933657,38.99638551678461,300.22084921393696,111.15913948196477
7024.63397272175,27.535550522124886,743.2401430582698,8488.013022828796
9303.507931934759,34.977893959230514,343.58728337146084,70.23610267775612
8664.70274533311,45.235304807642606,405.3192881994657,5351.856807085196
7447.079162632698,43.37361541656594,512.4300174144993,2271.3909845272897
9001.824853681937,37.12146354032347,566.672306843857,4727.244300740866
7502.429161614793,29.201547392617265,495.247313697668,5954.154476886027
7217.996507488963,42.16470169739355,476.39169074136163,2096.364130949795
7240.296882519713,37.1550499015842,830.1538066402536,571.2352437889626
6228.931446911909,18.437475214156613,652.8688246838668,360.949889742447
8471.542380418206,43.26103861053215,312.8881254520635,4445.03206867631
6168.85512166165,36.806137329042464,536.5967496443723,3676.6771412928306
6771.556168734238,46.61960998386458,781.2547848591837,6777.875514206576
5924.411990921467,28.237835849257564,465.8009025258674,3564.051290008453
7913.930307209107,11.586369494431995,352.0059896259135,2744.764854576543
7849.679539728128,39.23267086676148,717.1116243744548,2538.213292529121
7673.303786813636,39.33250941345578,633.3076075648447,134.0145643556021
6957.422305329424,23.474626979148383,613.6718793045771,2044.0324342331664
6827.76624656336,29.17200363306715,329.46710778407436,18652.7084919955
8464.369863546573,59.04174194975921,377.27445538753454,10339.762025576105
7449.448068291513,34.555115086769575,642.4021679172126,1997.7486950220764
8316.358321536145,42.84767181100973,414.3031128023597,4431.177316238579
7114.751313875778,31.79472138105293,577.2385438616334,9396.293770925091
8181.062742771082,20.277576809174747,599.6849273161664,2910.4834485387833
9303.278037316064,35.63793402563276,455.92895464901665,90.60531471742378
8586.165800392784,34.87516351771116,821.633835547821,387.1622549821492
7587.586181783519,33.80097409065303,763.3552587595664,3570.758406840959
8257.198970355927,36.08287331594886,697.3054291980392,17440.214427191266
7759.334825469787,39.11414617316509,342.896626525175,5907.951561905152
8007.880184694728,35.799064389969544,358.3715106199607,367.78165250287014
7674.388947851497,26.88795065642109,571.0297402257256,1049.6615010677706
7835.664794114608,40.889478332495514,388.39234205504215,7377.226888628265
8212.093353074175,21.405025957420612,838.0460049412108,9208.103472515239
7006.6413004180495,20.597140341726398,387.1861287150752,4807.677386100961
6984.121173010022,42.91344395761254,568.1073095051856,5170.069669522323
6611.457446168789,41.056162177082854,500.26658126282797,143.73352987942013
6399.72889549629,36.54083707940771,651.6625317997539,8816.7423432607
6782.7173077795205,25.836411961959424,370.9700248891837,7762.33999694114
8159.46250680413,31.336712474607396,536.674035423315,1499.0104137526512
7107.212484508116,34.89802601850797,451.08776804392903,6166.608502404391
8513.614464231096,24.23284825140709,788.2633385694285,1209.4318180231828
8034.7137487525615,31.087770735814136,322.3221416740823,205.8298571776215
6031.495786561946,42.21864270541344,802.5501217035526,1122.8261983616321
8654.97558422169,48.41844291431373,758.1467762041502,983.901168050161
8810.79864559171,33.644521978731596,463.66389404244853,2060.54562948295
7006.137325165147,43.051906834528786,734.1098600724076,2710.2873078462103
8420.191542894992,21.68751943530026,317.16745818631114,3551.8623535004763
7143.501762590801,42.27560992890889,831.7760526613665,3238.516621463899
8097.670376748335,30.568412682180153,589.6272184243842,1578.1764493021722
6735.5015930450345,39.45876493366376,466.8045643359949,148.0229596058624
6206.893547465423,35.01798065408233,499.42076692707235,4645.634093337294
7617.182810387031,47.56331207827067,336.5229444032735,2518.793515606484
7876.271053725164,30.004514813280654,844.1422327231215,1773.8991139896798
7602.320306385396,42.02085038049465,321.61056983288086,10084.814809972026
6815.969441777441,34.76394029362773,660.1989177313225,6866.758554618743
7600.100937868863,35.733556175922686,543.5047602385521,9751.392575475924
8269.294752580734,35.52916885472632,821.9039200037932,3415.8139020541366
7955.106969877463,30.234615164047096,435.29985716873733,701.6652268461355
8182.501030599214,36.887208272746626,592.6477531659062,5957.281256438961
7329.884799545767,36.49881422302543,565.2959147205141,1153.823719438679
9171.717914716159,38.929921987253834,686.5765442275558,2910.0837365164657
6823.826663445219,37.6760411655429,337.4056275738313,336.0479674470436
8487.560297086718,43.38395639689789,406.5840215128452,8723.665796475989
9181.891092959962,44.38806892837895,418.0106510510674,673.0349460559664
8480.908092748896,28.59501342537759,705.9829151629293,11670.250166855218
7797.4757729351695,43.95018000472617,404.02628297970705,9983.987186377353
7471.7029533370205,27.509308583121165,615.4204701400372,3123.544782406798
9036.087651046257,41.70284710510188,418.38410127552453,6820.085839542852
6577.025074738327,41.95791027762295,773.8937225461882,4830.623797260611
7029.875739620356,21.709464866699967,818.2019999693011,8124.677976187879
7602.4422345082785,37.74383397223528,585.1711362182323,2826.45393349141
9237.653757511998,33.25203109311747,493.76988631504804,7704.423653684194
8379.767636040897,30.929877936517002,428.73177625962455,3103.730909317605
7031.954241489755,47.806818645592045,327.37955083767406,14148.190680315362
7689.692294615096,31.77056687490065,447.67504190862246,3331.281036291987
7385.6768559037055,30.5489845670556,659.8296789699248,3105.2422243805213
7290.211007766465,37.60555952004075,593.489312220066,7687.2577327767385
8978.889558556779,42.48471797038733,819.2227030545101,8618.010102351032
6628.256870736494,35.86681131191899,517.9524943704353,4042.667988124749
9608.780855734374,46.33096436535402,681.624838280617,991.0220010425551
8828.229690184622,41.24780529571272,569.1275111113168,3153.287198928827
9090.861670603697,19.574309442148557,581.9169187583163,17221.43831363893
7537.060487974742,32.76426429194393,447.2758730322646,6991.555226448245
7850.059280920891,32.50526320518641,550.2229272630998,8334.344861052256
6566.848185475288,40.83488762743538,558.9317483569889,166.88171786272133
7475.337592933197,16.001463549007106,688.6533869619136,3154.2382827290376
8493.65484764315,57.39207766974178,817.3519995523626,5201.072609199273
9296.063061781397,41.248208759153684,481.1267026153773,8860.745585256424
6892.843183197549,38.19101443134153,323.21025771971415,252.64505675110942
7634.494063014734,46.45254173135317,572.9623190253519,9567.564271918922
7848.700779767478,55.749232422500995,599.4537326820428,3974.8026049113973
6604.210797807515,43.96597315670723,392.64230312255336,1098.9581923801034
8591.3492417584,44.59050477177296,718.2555334518368,1908.1707950429525
7276.009668257391,38.045520195715056,841.7110096428204,1655.9379870472246
7804.609648822976,35.867793973064416,820.1760943546535,3784.259945739209
7548.050628088123,33.19363644796079,408.4083213530087,265.3463520311532
7210.661494280325,30.391104066283663,781.4497819454184,863.0611768858823
7992.955014519445,31.503887202404023,687.4715000264266,8375.032643041393
7784.390421431977,26.195552285256134,549.6156100938014,711.2982420315834
7628.142117721334,36.39302839451982,597.336046878601,1328.9262985009007
7271.538378319658,23.522659382188905,767.2800962403519,3019.9211506982306
8319.524670782956,38.52733219314968,564.0742168011052,3639.94471302622
9653.617268492286,36.70935513566127,505.26405300781977,7211.371622209645
8139.887232839127,38.1754823870935,571.2861211642921,2964.9929571236285
8996.118214911128,32.822947439840064,618.521392219277,7800.01647117127
6609.7780748465375,61.614882961444025,403.9927095780919,4816.208222492486
8157.761439293769,47.8809272014425,795.4992516468449,600.1137439709189
6902.631681028934,27.043659999322216,670.8028218562877,849.9778051520457
6523.075072468098,38.86294469941519,648.297904535619,2872.6777787232527
7260.628592540964,32.13595085650141,354.722924399351,2528.2733568136105
9191.899334413572,28.88416218634069,632.2956659949255,6803.996102227104
8950.015828669646,26.27942343100852,366.52836423117077,4346.286022218027
8243.0047220544,40.45773352607403,343.28372135746946,2456.20236367057
6467.29944011007,31.54895811944341,590.0209926033162,936.2300106838194
7803.719348612063,44.74260819220163,521.5320437255723,1286.3275910884154
8301.700008901735,44.95025771624351,623.8456485859228,4284.228362270056
8175.536229578598,47.991315081691596,349.0721924314812,2753.3689777829195
6156.206416519254,30.18090587140717,537.0406845659921,3617.284664734839
7109.682151980128,40.80292488553608,396.13269327483687,935.730492823335
7935.922235851283,42.059633733138405,842.9050472582641,5436.971021808341
8536.290909517189,33.20657459916828,608.6326168393459,9570.948937858719
5803.872178900054,30.825824340857,678.090273517477,1491.622559482738
7837.876024520142,49.87616532620778,478.9800543754343,3381.590199776577
8143.048769878952,38.81996700585643,352.1064031286393,18550.991271361556
8849.611988516213,42.087742005693904,836.7289745309452,2026.6386418564202
8692.857584237438,30.42339190537658,457.4424694607508,4519.91325166975
8582.571318808805,27.24572426782245,533.0945018454659,472.6287888201146
7200.059493298066,32.44440180406312,657.4251569364162,4657.212238840785
6091.997862876692,36.00782890088002,313.5835137273612,469.53058298818786
7606.947242938599,28.486239945461207,745.6425217845078,15999.71043893296
9001.63182520856,36.921241530796934,595.1180045157412,6287.969504673017
9393.45452752443,23.491958495452,453.01945288785214,7759.615030596574
8710.549102297786,28.039620620241024,333.8843919108581,6088.74228500001
8429.340822801734,42.367289986215,389.3741285109428,4454.68724977729
8379.639648385966,41.83032416222315,792.2686223693903,2988.3921674176954
7443.881253239219,33.86498587690507,677.31332316474,9772.805596769318
7869.93970644638,28.857885527384376,437.4459469002894,15713.703811646988
9669.069525826331,28.78077158779191,336.08042071976627,3456.1069095463554
7057.441994208124,34.01385403246949,679.83842181265,13407.166655800524
9614.778790709852,42.15614793316233,614.8242492822708,4377.338606634291
7677.971845507942,44.425965530754596,522.4857384520293,3865.111536091182
9325.432109095078,33.02774611614425,499.9862970545351,3030.1041029963235
6593.184990502462,27.77206059212173,419.24785176100954,1174.1058600285708
8585.904201164649,39.142749102930665,668.2861910956346,18.63297979641655
7263.229864052378,30.411720234993204,833.8674152866288,1382.1034483086926
6584.7328080758125,32.85397888911038,396.6433852102542,3563.925457469414
8218.534042410945,47.602208723496304,628.4141410085268,2389.856049498074
9009.471788595969,43.61692342852614,533.3017806602869,2975.433277603055
7155.058561406504,38.26379449801161,545.6787969595657,19724.85425772694
6500.984039541599,26.824647991098217,439.7810040702979,2156.010178548887
7908.1552356650445,38.69117253976527,753.8241816137804,3009.069393585895
7912.564671222819,45.50125832630021,566.8905822809826,716.555586537885
8548.319627554498,33.994930673875714,598.8732187090452,245.7292323786082
8949.594571364489,47.80891271989372,467.6185020385292,7467.382999818863
7940.584818727506,47.341962316145654,399.99465611682234,4227.800564899125
9855.503314794263,50.30986265714779,347.2507135115513,7150.286840150107
8224.234744535292,39.44194501225083,692.7655275087038,811.7876472440922
7653.573493993101,41.6991335984481,407.92885492832056,4241.160480378878
6388.432640897172,48.31349830664872,679.5414448038388,1462.7526833512272
7737.340479683832,40.5791514965518,514.7070453258247,1294.2540293406007
7663.613054588864,32.9901271376783,528.6761405443083,57.96476706366621
8960.30479628147,33.41165730777711,558.0476228510245,698.2689016465818
8462.483624066854,38.90843963018991,502.23967947014876,1850.017677862956
6820.630878367383,26.67550862443025,355.34098747242456,621.4639191474174
8172.254386411038,35.85392867708646,470.2974955015652,21293.18664169854
8671.531171729053,45.772376945842026,665.0538983816662,1845.4198675021441
9528.031359387833,19.46996919067775,666.181420807879,698.1724460266821
8887.503967414059,49.27585681435612,457.4233689819969,1109.9854988796685
8760.846654311477,45.978993749625275,553.0564446067284,4430.059346893535
8060.085994615164,33.32188307335619,406.39597540656564,330.93151720620045
8388.31200542345,41.34712662297448,415.7046448414097,9918.26211533078
9249.504900706159,37.02518181525061,312.67589862363405,16285.443531102188
6667.22260252035,46.839922947509464,793.2106024492596,1416.7733835297045
7650.560672783044,44.86146514215953,415.88866579119843,2990.0511568946135
7227.431251243759,25.79943421453593,425.14363231505484,111.91546944112199
8379.153118726124,41.69809930771341,453.7807879548225,5118.130213106927
9230.222175650788,35.35497717085402,370.074439432486,2671.5465828381084
7403.025713278927,37.6626605641448,651.5945857497495,1573.9541929859797
5609.695632530562,31.174624792241474,341.3286242476726,1158.6333469116996
7587.7792549755295,50.98509655296668,373.81133447949264,5306.916022922881
8913.473732017406,45.320494559220606,654.6161996245511,2691.1299685243857
8537.62990294988,31.08183068821626,486.8133412647935,990.1776191875862
8428.186247810576,26.323115144718138,689.371304685654,5841.565863293532
7720.00669812552,33.914618952177214,606.5836095685781,4162.877148006566
6720.969263780214,40.47602116873045,440.8116451838322,9783.361188230992
8515.294321624468,38.92164675156978,657.9553727691305,624.8459024631621
7165.718189965375,47.02506259814595,363.95052416108433,7701.112707213975
10184.096733380456,43.31935777744682,595.0257106940167,5596.883730176898
8570.507208354516,44.75655220602326,540.4314577747691,610.8999602420944
7419.351697446049,39.6148432048835,447.3304705495924,5934.27952066
7388.614752611372,25.885610158312076,632.202748756725,2912.9266764194413
7907.055793386412,35.434411750824786,779.2334757871554,14500.72752873128
7760.49807797825,45.480717919269324,849.3975848696922,763.491553734489
9116.833775529954,36.58781657180283,634.2695228088835,5147.764568383159
8186.416169744047,41.024722948989975,522.5882308810436,2406.17266575406
7268.368261091472,34.45001347803093,423.8639051189109,15711.272192096276
9890.440685155783,28.761505211665238,441.4028491673115,2002.2004879154615
8049.308331520223,36.01324748763112,563.7002379823712,16375.367405244642
8768.839675968897,39.47237954426123,502.0027357043901,11587.775487363186
7391.77349255524,31.75449824430845,802.5979874437194,1576.179312837477
8363.115627744522,35.11431004114665,502.5625072106402,8136.52737495526
8311.109991143196,29.484294064112138,505.3945251299895,27135.530748302655
6110.350707903847,45.95395934051277,510.94398183868736,1456.1953030095299
10015.27511046064,34.644353939295726,760.1411157022119,2870.399687684203
9290.644460922547,48.622044361009465,657.933576465796,3671.728902506015
7602.804683854012,49.229982804327264,637.792867675391,1747.2990061469498
6897.730259544144,36.35163228222605,483.7786623111242,76.91273349944534
8347.561613803551,28.932410139621204,749.8472972578417,1243.1353535850756
8086.697699414397,20.312816978133302,321.10012374563564,1655.9890449041122
8355.668948563229,25.223703415785668,778.9384447859622,2931.336410608417
8191.5773961940895,26.00932140081072,582.0124448866613,938.2937419601211
8506.240989305927,48.02775701969204,519.0376291748771,10327.865047112375
9447.305699391807,37.92659669781557,573.4420043947271,6102.393615144768
8568.103205128646,40.1168361927359,667.0785417936071,445.2516943544079
6950.344501090059,19.236631928518992,307.0209845848436,5250.431527527485
9362.562852712452,27.416268566261905,779.3535210520363,5301.620768542385
9640.614563488287,44.096638211570294,545.706738921266,15643.024975021768
11152.056734512085,39.29419289906069,488.631585835043,15.127216990292188
6876.505966760402,35.822357770515225,376.0350610987314,1424.645658403203
8242.882013150274,41.51873886880098,541.7059558971432,13140.986129270887
5917.901296811013,50.08638244908652,572.9775242064084,13451.094298030923
8553.14915637921,35.2316602917036,522.0056819714127,6375.311134681122
7451.799701833227,37.55495842126456,673.2630516047934,7257.116131395232
9923.445794824953,38.54077534985044,531.4930908175743,479.70816425727577
7225.3850299814185,56.136877082191944,828.7796678156153,3606.456018583588
6310.816962032738,20.205149884647795,629.6026348029754,1317.1135655118323
7528.7362592974805,42.46578411831047,744.1128646085499,999.6873104671395
6024.512228782863,36.08158200992749,360.14574671021336,8311.643967296535
8751.09945450731,41.53417380947344,518.5102111202482,725.3493083511123
5934.916953743679,31.741019568042205,485.266235795934,3161.6871099660952
8028.457581183159,36.6082797531324,613.2153134751254,13949.95551239541
5922.188180143803,42.69128463572396,773.6124360337841,1027.9430715816636
7679.702195463358,61.903281608350724,343.08601976910364,19082.069746512316
9643.378155804534,43.46428951521657,339.91613892459094,25825.917805680834
8360.647891435796,30.21547521575593,767.6747394866794,4055.344119286653
7136.506395035066,33.60992254381837,417.0675473210966,932.5078454906962
7968.796511060916,33.372687132929165,667.8142899473976,1899.7535903047715
8018.016872044446,22.634854618959878,598.5829727984428,2762.5179840850647
8472.630345843405,34.3592784663885,758.0914771879761,1850.423878436581
6633.141636719174,42.86263265457396,368.79890041002193,1646.9360332680271
8592.567273847331,26.80614304738564,371.3806311474362,17918.94253287601
5295.608368397225,45.38786120840474,606.2500981530691,832.4270303232502
7370.11544763619,40.902198568674706,820.508259347104,6608.677489387274
7511.726157548455,31.126133424231696,528.2487671039148,2.0518681545813147
8633.32682607124,35.86776290129722,479.81815514008224,4533.963276293004
8022.630852676869,49.78657446112827,633.6791277588372,12381.300929379393
6594.436946143714,42.86838250804693,811.746730299767,1697.9240368908602
7015.006874182985,37.07026923918518,760.310308064543,1026.0637124774548
8198.680009547406,35.098533464312126,847.5159859032709,5273.16546303886
7920.9326581354435,37.61287256361328,312.4127207613074,6234.426010016589
7420.875890364254,32.905891536461574,362.0719795920192,5824.249565554253
7519.166210488021,20.162003954247883,635.2072698516421,1923.2919843458221
8696.16799715929,53.33742328427785,751.3170416336174,1453.1146437307154
7482.307427130785,38.24259999359521,456.88438826872164,15608.609452082454
7911.908755970927,40.1851781209803,431.5660984188203,12839.235797732099
10169.936588080542,36.53673800098473,732.8366896596605,3056.146022058886
6576.317363116077,31.119065594203295,331.0100196192774,9360.311703723482
6148.1572684253415,35.512604152409835,503.1604561704218,3010.352269881469
8783.589664798606,24.20484190244551,578.1950724257813,2761.616125276099
7321.356938705897,55.21669198442643,608.1917708926778,852.5357978001498
7681.76247225738,27.123904012620834,700.7383362360273,2779.1677424510963
7218.843621868886,28.744269729222566,495.16514788686203,3854.6457296888757
7740.199859232487,33.4779263649088,636.9763895710339,113.80707084717488
9598.538112096341,47.30460579881902,621.956482535026,2935.9512605366244
8802.12845861812,37.11607199410123,601.1888553595609,7601.55720739119
8862.223511886978,27.1109136317563,652.2658112282168,5697.891098581616
6583.772944207354,47.034706886058714,442.69704408744195,5041.440621992505
6848.846263447131,42.84800501428385,346.5568144715459,12015.090424156639
5160.921340514573,41.30747965773162,365.5994196218589,90.98283861160681
7190.619178917246,42.72587392936672,423.5203104596456,4071.4646637394653
8956.70318638566,56.15489520465961,575.1088645375319,7740.5112093568705
8516.94651574837,54.4807591602889,762.243512800311,3897.180086328164
7778.486737047876,31.506277255973636,685.7113381486113,1957.0385342855834
7977.699716281947,49.99107994248922,733.9723323111259,732.3627906570769
7311.114457424595,40.065345518071204,493.0365931593503,10926.814264601298
8204.758882401784,40.99276652910199,522.5595579067026,3181.588921195653
8765.878279480614,23.46183334685337,516.525037294837,10523.394589548647
6384.113212589527,35.63691387689443,405.5302514224758,4407.660883721758
8299.647687837349,30.49741127730748,333.6691619789646,5607.236930497856
8932.434870954667,43.62447051914647,625.0038510549748,8154.86964255525
7584.899711036631,45.56864400322244,844.0691758813224,5381.645241428278
8700.700612120583,20.40410919186951,391.75633772264456,2537.9446764813065
10814.654444472553,36.823721087965836,325.67665094460057,3603.962927036916
7895.657207013108,45.974892038354014,728.7424250031631,8123.91333337386
8393.307050005324,35.50656830149244,438.9223036765983,2339.232159333827
7261.9429163386085,42.832509160018915,756.3040929441106,2456.1073746870647
8181.2511626020505,39.80932374101667,687.1651668689835,502.91592679233685
8460.271624982304,39.73328185562101,820.1204453779425,12301.134687189415
8194.842340270137,34.82948017545362,524.9099796661696,477.25068018863755
6980.304680291143,27.267353566914323,664.0834116978488,5223.592670691073
8206.36177132545,28.02775882059978,555.6701294472989,2665.309118821937
9462.195938717638,42.67482011564254,646.823783519699,2601.177038354912
8448.635764514527,37.15566604415106,547.2793983042556,5690.173761392099
8961.98718907184,35.8919020431422,403.74773553324115,347.2527343961386
7762.988029987372,33.60887966142118,579.3435788018595,4503.388546476737
8749.90023942371,34.55848923615399,590.7213107905933,7392.745359529627
8279.267838216527,45.37529435590511,745.8321165430887,8807.49266148816
7049.089270312768,34.31804734505579,704.5363881864696,934.8440290997128
8318.521004798875,26.27148229358745,665.0853931677942,11385.515183807156
7008.303336559689,42.949214204321386,362.36290255391486,5337.691987081195
7367.119725115208,35.36098668908226,696.3389598650433,10679.204547216772
8189.328307292374,37.251166924262215,575.1678359949831,3320.6680434842433
8297.244273380124,49.86062645119608,791.7547448583875,3904.7945170375842
6810.767534922871,36.835515541195946,805.9290137717985,12568.893959544752
9053.985771182875,39.313469384949805,330.336124830982,11508.404677072236
8572.006278300472,27.568612069613398,751.3528581949633,2972.493562219093
7295.271564389116,35.24264438119232,320.73356473246884,1603.8689443572098
6462.415203550825,41.87620836166881,501.94329413226245,2497.536545842251
7855.095420918568,24.55701012927006,598.2649865915935,2453.189932469742
7554.05628613884,38.60676074492568,381.45543924492006,1690.4358244605708
8113.140457053023,37.80632858115845,710.4725969129922,1563.8344393267334
7636.883338844434,37.330299644699515,304.5950872946762,9868.671144085461
5992.54313925499,45.29727118926594,392.72947663872026,362.1111573684224
7611.653061698842,39.67550811878817,619.4382564194116,5659.984764414545
7694.380888931687,48.824575186851554,692.9131591205107,948.6650783852766
8633.66102477406,29.051283875247712,804.1537064816539,2111.8298325193437
7301.80032538895,38.087396537746784,688.0231585640431,317.59139086478405
9678.674673372567,37.67573429111958,669.4785986401762,1573.3731579758198
6088.359449348243,28.445964049959358,516.8876304928654,7314.1725903334145
9311.167497802624,44.65036001673077,300.70643403974077,10814.782082155323
7775.681029121895,55.59738644682254,366.0875923045921,1252.1058275954572
8859.584872343556,36.86395140412935,594.0049996158216,3113.889450278654
8079.801484058733,41.04016870619014,671.3214372144308,3177.4493531314824
9139.55553602547,37.67614780652262,529.5965561430544,10340.54225262955
7612.6380354471885,31.291322640742592,701.8734563406147,7194.238094657427
6901.379574822187,22.433917777583872,587.0242624326984,3598.248638743541
9420.504287271064,31.353812135237078,340.7969075768717,5554.647178258048
7886.519354117859,25.86433295238615,405.60893803237184,9398.20334086772
8221.55847362421,50.632816624472945,761.9990227841686,47.92370627495114
9234.751914044795,36.079122448614086,698.7020106434418,2578.2698997825833
6968.044757905565,34.23264536762264,792.1190928568722,11888.869560181502
8595.490897639258,44.11323059830245,364.65648701651514,6741.391690494464
7410.105243537109,28.025991177152896,844.6223940382906,3913.624231001564
7867.8306443556285,30.86508769596358,415.17369267246346,3771.332723454185
8072.278965384289,37.544578153988965,306.4789319576531,2136.790840860035
6499.778138553063,45.230151931387844,848.5826164794548,3675.27104301359
7221.162957179566,41.013480361350304,454.59063699481226,5326.6110117164135
9351.07289241314,38.98660114012706,667.4106988819079,2709.54401624902
8886.191188584795,37.624941881888134,397.1752727969679,6261.495442384756
7937.360422672765,40.2018868442142,619.1256927095279,9874.767213708052
8243.123458512893,38.613223241034035,797.2192425500076,840.2288021477625
7705.757494363543,28.760221801784514,476.0996420856412,3003.2686639110057
9356.583385827982,37.36863377306521,668.6396868243976,2621.412913277968
7799.647422205836,28.41049072865798,403.3469738391291,5815.190945533799
8231.842092134848,37.648660343206586,643.6374692952988,1437.5268753712728
9146.030144142065,33.15481646809407,485.04769349963055,5111.742382590878
7222.628515154093,57.31505298226289,416.1645422233734,10497.782151267182
9558.789184496894,36.68084492998631,472.25012788699934,2707.5548665138676
6469.538590256623,25.76608346990729,398.3625876792896,12096.476645359793
9629.642131112798,35.926558314584604,796.0538593108356,24927.57162252295
7627.324416048025,41.1548699651031,518.4527874744208,560.7623662869602
7757.301252174719,50.38691156922019,434.903617735902,1326.6891275080231
6109.989828817057,32.284380800490254,546.6243125587631,15016.7814615444
7545.205282622307,24.34057620781088,476.2948917435725,15889.591575419181
6960.193468973116,43.53469609144785,709.4305895973293,514.0814158570412
7392.353654626528,25.95521035280279,834.1709515370219,75.56057675723699
7862.68903421112,33.51075646794012,540.9185111837057,878.318984262044
8957.791614472906,34.939036115912046,773.5683699847323,27623.30940522538
8207.603351400625,36.442932373599135,611.2246904577908,992.2523558800235
8307.676653401113,42.513315656594685,386.4796158018284,3491.27709432908
6904.480611154438,31.5309257417089,679.8425081447378,9433.133707858722
7119.24591039727,34.810165982665914,582.3889734192011,103.06299067992423
9798.725018351312,36.88583717640489,657.8335877886568,4637.883172044347
7264.798965236753,38.1967836601503,789.3280769144158,1621.9062821633493
9656.208252057295,37.78261739766338,542.2390138608254,9914.657371587748
7756.938801119133,40.48804620178064,795.6476927695455,1666.6140512237162
8002.287936143504,43.7507160771339,712.8679578549102,5803.85973224111
9070.36516022993,40.141072925207745,568.7327092328917,5607.659219149821
9271.892421938657,40.62868418807375,631.77217461188,1251.8900055691226
7889.187439720912,24.342214666028177,479.0696228854563,177.0955812572228
7611.756946478461,37.401821593325444,840.9785148563258,2631.808207174423
7944.0795514777865,40.83606038401287,667.0431396777178,1706.772742425321
8337.957528232118,42.8315295565636,324.11576887314646,8276.826817756804
8891.303686869756,31.461193806129646,479.64204816140483,8056.302573208063
8004.229858994152,31.72768580089084,642.8229385674816,3053.4503543654723
8618.886298023153,32.40719459773121,330.9833027895819,4663.526398865226
9638.359732270941,41.291311199130746,313.13630522552853,4634.983129801668
8381.309612264784,45.27104843939367,547.5133317402914,8776.891276688208
8311.65285600478,33.740319141667186,482.9795988309685,2766.9471833436314
6481.089174909932,44.26369850901639,541.0642344182412,1610.9996202856505
5369.269863170937,37.98783847331676,444.48132043400284,1539.6614428601995
8388.375729230169,36.00571378270051,390.5947608186395,3841.4260382298494
7905.1757687191275,35.30892616145625,679.0288463391857,2981.447382420767
7485.217325085258,42.972890916817256,583.0141139472903,2900.1709049226884
8243.530204186345,39.60462253429656,410.0848161871518,477.80642163552403
7939.596270803092,55.2066034211811,475.77418444299906,6339.95713766167
9127.7802506339,30.182202856021405,625.4943492148293,1202.3177004310903
8086.1108682589775,41.14481361623981,339.7261415498628,1096.7141050492162
7253.076714929833,32.766391921507896,381.09915509639876,2661.594118733971
8990.16623895929,30.04570410409085,340.28508225906455,1292.418239561669
7782.868925053797,36.913062903720224,746.7745329927654,4383.646865803298
8526.536683672308,38.098819835256286,713.825078266605,2321.804611192316
7522.589293807199,60.34538844048074,714.3221125335914,2979.301347908659
7350.173114502563,35.526833474534385,693.9789389118155,3851.969985953516
8084.168230185696,27.958570164122534,668.161983018428,1137.863744230151
8012.828643543685,39.18408573995509,562.3455534579962,846.5427098768783
8479.827035366832,20.402879699629054,653.2529899289132,10618.927943157227
7731.354246690257,36.264345739165876,321.09885513338605,2843.3658117371324
6163.640216229603,37.128202258361284,641.8054324612315,2655.9377190626137
7567.226116411612,43.35680306356169,727.8327380452824,181.30865772121655
8793.818467143816,44.788977995422776,575.1970982114146,3445.5397720168367
7702.623920756893,32.97144304873826,496.63233063498035,4039.0847055757527
7753.616597485452,35.79508788296054,452.5847041405385,4091.7481589187764
8986.376505905937,30.871033355114633,653.5411275891454,6138.44527782701
7288.026772741077,27.97549956153845,681.0406592464499,976.923557345859
6457.1967817571,39.47915823504508,779.0321799243984,1453.2532665261278
7839.368880474505,26.811315611227208,488.2837453535449,8322.915849797204
7515.826048751263,33.68298479542509,723.3747690620721,14703.438719400106
7033.753680246746,29.0386083208061,608.7457033041359,730.5233725606236
7824.621544101309,41.39746549032208,785.5600698729436,3442.2865212635224
8491.505647246784,51.411440794131906,590.2966595625915,1205.1137591260385
7990.711438432184,26.58729613757335,584.696405618882,309.76622711593814
8306.981072686238,22.175852136819447,617.8323947925,1968.9427619228977
9813.407698515422,36.00090491719946,712.1234453283389,775.6002277934498
7657.121138442436,37.12558236766207,830.5797633556535,6188.218006831482
8278.34863464467,38.74927445405838,340.4598448186711,3814.9028867121474
7490.786637400865,33.42943587812524,329.3890313150594,776.4577326180669
7153.640280113027,35.394885609396546,815.6526855740361,46.42278409731189
7415.09234658223,39.940083284324814,591.4315940350134,8255.391026684732
7521.241428478312,45.32344714115871,638.1966580118149,969.1035335973075
8359.475797547126,21.35960983745374,565.3329808771009,4659.771871305962
10349.075786700758,34.048484487748304,351.51159893411096,2054.3125878339506
7283.956563724159,38.71047035152851,722.4491581302666,4403.241902655743
7583.374694384537,29.656191163114112,710.9735547987227,1896.4554811635455
7936.876986888752,50.849357054138395,471.43682682104657,454.7660099679579
8395.798848709746,31.916720958170103,468.4315848756202,1261.252958168237
8263.550811954785,36.66965850394174,760.8127594980351,1041.6353381371855
9284.095793948118,41.44817677473833,339.79649175772965,2793.2506055556305
5573.607929464792,32.26972168958484,784.6078315961113,5368.873312370775
5613.070129804328,22.227415617564663,441.16392944275293,1531.3085491606957
7504.12182798985,33.57076378466773,626.1416112655216,60.716842284251044
9097.30018754371,45.235524447416324,814.7967984509778,3658.7889876522545
6434.351968394403,34.30483898571889,672.9673758451555,4653.970614118224
4992.367660306243,30.22852558832817,527.9363968568701,16466.716577679177
8571.17940621921,44.40537767602177,679.2438148979784,4451.541136946638
8243.657223702714,34.353800831815576,489.1887999740036,3185.465497704534
6909.791593200571,32.91871349079826,452.49212899205236,4259.561421227038
7014.46039927907,38.195648717306476,848.1758028640738,13148.549853399183
7030.256280365325,43.1660016769503,712.9346271488832,8812.308717018397
8110.53531747394,56.053708253860364,654.5959875599997,1950.2629675562969
7373.684723816993,43.61788886125939,495.40930377062534,1354.1533817751642
8494.06391897552,46.278719731106754,327.0384560352765,1523.3518824561718
5145.373337095609,32.95227040809716,317.0812818193356,3510.1429157263997
7143.148134872201,28.79305515224419,604.7996904968393,6813.85511011857
6873.94603908895,37.49865079695299,719.1179965714781,3498.0320545585414
7743.659321627508,37.85735932207677,595.5585547441203,351.0201437171605
7461.952241509862,28.371898069083223,762.4317895665131,6429.181823897217
8797.843779895768,35.597643760767895,318.3845932012719,8198.715779244832
6140.663228339942,40.19454081375305,501.7136420342671,1708.9166334594408
8045.491476330752,39.88314716014464,430.38871514579796,5455.092065579101
8558.336423211706,41.03430282707418,546.0001324864171,2780.7880060353646
9856.647436561954,39.32771784109954,339.8070162567674,10996.504665092449
7518.234028906525,32.94393072583955,824.7724028640899,9328.93217927643
8324.458604352518,32.88879498680925,422.79047058814854,3726.7517944596807
6196.137207437635,27.40838881604899,807.2692765159716,5880.25706251804
5608.043795686976,51.27820031348076,534.241235270175,10742.873587420774
8844.7743757817,37.10760291695434,842.03827329037,3423.0884027310526
7994.439706351929,35.201175553641185,604.7321109031159,1878.9301612912948
9178.512689798423,29.56966334838033,811.9580752966941,7005.337500969265
6626.597111030251,60.48526321862222,302.94194378182254,1242.7315246896721
8519.902139528753,28.413375742216836,711.5313433994951,2459.4563110109584
9868.817840543854,33.56921659515141,796.6778592063835,10039.4100198231
8419.705608357266,40.326694690288484,376.84631183842475,6444.4290180596945
8276.581505591048,41.80170372595422,352.8692184526833,2585.987784473062
8008.55608082435,44.66345644172547,533.5149339522756,1208.7306975803683
6429.118542874088,51.460868062154105,813.5233983731143,2200.037357618269
9355.572935710348,41.0492612436857,598.3126081047412,1671.1029120832343
7389.142360194935,28.551753600266657,590.1010550469528,968.4655704955264
8504.483256383017,34.94443899902575,377.619365064627,6799.8770867268695
6436.965693428747,39.46265898011108,300.4342311012703,1452.2286849527084
6820.54033549222,53.54580833204659,745.5770499100037,3027.21536102501
9435.087399222235,25.817556172605624,348.16600964243105,2437.657315420447
7652.697711042157,46.62061204180182,648.6174003044282,20108.45800319816
9453.275476042545,38.439314956371334,803.0390499833553,2480.4424548419447
7921.769340941482,43.702644281835845,414.75855223713705,416.8128434100395
6158.102227042143,36.18404226691254,665.9000599303009,470.59608555655615
8892.067599731721,30.26053895898939,343.28421718913023,4467.190779384266
7410.107682244392,43.00698223521066,632.0653291106871,4573.504378555797
8698.688813517043,42.23544821684497,390.1624465242615,2712.9489484861733
8025.210867540082,44.77645572591778,704.7744582833479,2826.7935426359954
6456.88177205713,36.893562916970915,465.6772121366495,277.2072348680789
8164.294765370569,32.2014238134412,554.8650548425554,3634.0008196832814
10196.2231421528,24.529704039809268,629.686798115192,3513.3567125214736
8492.986458514459,43.55498614511525,394.2003758664318,809.9442827442434
7942.482246994537,40.39111585955189,707.9008002396915,548.1781274956039
9075.343401956898,29.273738937088325,466.452187350248,659.5064133056627
8210.66846520311,32.691410613627006,664.3045229520144,532.5183245271045
8209.534230262794,33.265929504388474,387.0556778846555,4704.303015302539
6908.3748278408975,25.136124544140657,678.4647125634926,1093.7825199885215
8233.848025789599,30.45854082715893,370.50344004575396,1447.9538121270105
9035.443416416945,27.92935714554917,533.946072948491,953.2132714020807
7163.937847899975,33.7001679048965,435.96334055638226,15830.860031947966
9424.495821246948,31.0904200133635,711.6063871855004,9641.934126518761
7908.293975854874,23.983960633066012,444.119252478781,1310.0380831543469
7112.23048846146,53.18072184455585,784.9445185174679,1984.258753440845
8997.632076920245,47.020325848233846,790.5011162736371,1177.9335003390013
7713.205764261731,30.767844627840116,408.04272337253224,3385.148434598141
8759.514887486108,39.17937117322888,637.6152697542484,99.02685211840375
7708.241367741462,40.33972071857036,348.2447029459804,5564.083611781544
7940.173856470096,46.52868683818782,515.345404780896,3702.8519702467734
8493.560204334291,30.451159786719373,692.3269512256998,11445.330849158068
8290.897057590006,45.73685427185941,662.6827857674539,897.9824717286357
6004.468219548262,32.61675756634452,643.5853681736344,8150.9907650366085
6878.756259905608,26.313100766651093,455.39747501434397,7850.148931976145
8929.409984790815,42.79309247451598,507.9137221889211,680.1364623461184
7867.863411098453,47.326067392979425,356.6203795851574,2542.136045849868
7476.268697228578,57.70327178824547,695.4625512384805,932.5675004874208
6641.4259847425255,27.40219787927829,577.1388382352004,1469.9798189455435
6920.263678724152,42.59135748064631,689.82109779011,1527.5073271370659
5978.201360038052,33.72159004965174,436.91893863828,4062.316386560949
7898.719281298467,43.26686968419225,478.4410257492864,2650.1350791654518
7401.562419418953,25.236083590149995,483.818435493063,14756.931661774193
7033.412109014685,26.897841794411487,314.1583253609689,675.4924820067059
7931.876574832047,30.79300141466813,487.57633005684295,18189.436646904836
8363.970630852738,37.631712365344676,741.8175154349185,1310.9725557747154
10093.197932209945,31.871349867693155,793.5141726623563,7411.250346564971
6488.1165804367865,42.27243475130736,585.02007359976,2069.7797134808634
9159.381043300522,45.21515694606332,550.5259323705711,772.0617102234843
8973.101561015072,41.79662032996285,316.9535402846536,9755.740700667624
7220.907260623299,49.95030111728694,783.5623856719604,1847.0708595406743
8203.23595458603,40.326613035642744,307.15561738422997,5377.244285252318
7542.366750662385,27.26482631727866,819.6125441156165,4178.667918354132
8185.688580418739,47.907012108306716,569.0689367784498,3190.987832529752
9509.13101340455,32.15875011515202,488.06397146609964,3424.1044292789757
8605.606232631313,44.28334799748456,808.3201391634631,6588.2821594768275
8508.608373233443,49.58987373244085,313.4150462105532,459.3316111545745
7569.690680045358,40.653504085843196,619.7836921779979,5515.823103498092
6515.943335075664,25.030729494682802,601.9128884746357,11307.7964633498
7791.531789459592,29.65430266792167,420.6262206662601,297.62592875712124
9206.608154863916,47.58195573508108,535.8880872426158,757.9143761687596
6472.832143410353,35.64701851485747,658.7452032690736,6305.043246659897
6944.910631823304,37.63658827953733,699.92215828506,2874.8801966390865
8126.267736234068,43.07059532930887,300.3942722886189,2583.78775465873
7015.345215152737,42.57058289664259,815.2693865500584,736.5096323626634
7207.476552884787,39.230398499083684,390.4889548160468,3533.8988242229684
7576.401418271823,35.33065303023627,428.46923882229754,676.495119516575
6634.3825958098505,34.49865243414114,444.9103951316165,3237.241865812795
7025.878153783631,43.86319060233075,320.80107510361944,7211.4735598212965
8703.427916787308,41.42855624854235,367.6786679746787,1493.8118838630835
6692.630217769036,34.941599995057686,842.4924576192891,3277.197366535709
6402.127865505163,45.65689850394513,473.36920555750737,24151.559534593278
7369.975020466106,35.96772707896173,363.41559968647715,5802.179266852033
8731.955502509845,30.186702605324854,358.84519364604284,9205.48721320163
7803.07819200311,30.928234408773243,695.7029822184845,2679.4148203451387
7535.418921884382,29.17007330952187,770.0127652179525,7302.093088203279
8044.358797515607,34.8207198671705,441.3237647296584,206.76261853261758
6254.292567140348,46.86979422668954,311.50023178437925,655.7350877783849
8494.705653775032,30.55923855175593,422.6995101449457,1134.9458870736044
8383.435031403644,38.507806088144825,331.0836299382165,2570.4206732143252
7590.691525904279,31.746485234980696,356.8672151465228,9345.73706512552
9005.924511796416,34.9175276698285,537.3294659162033,2125.27407889435
6872.503901046961,24.919670304117982,426.4551039738979,5315.567372452303
9127.90899325357,35.2356941667477,583.7702331889828,6177.563231784838
8154.4936655952515,35.4503569615603,439.42156429145473,4411.64935502062
7663.447410121827,41.32230355228556,817.2955156066212,2209.934684369869
7980.126364631688,38.786247306042966,798.2691823594455,4302.546056146331
7892.735234189058,27.412863000383638,611.7433577557563,2094.770327992616
9220.282896417717,45.67358595234834,494.93319559306235,438.00541899173726
6923.320872528986,38.68242432177596,509.63078511910453,24671.134657470546
7237.480760853402,38.587148137419895,526.5187557294734,680.1437056394813
9036.30289207248,36.92654117291889,700.1686271742192,375.49515148855306
7404.4650648161405,32.85794042222224,548.4014475353608,10540.470640629708
8900.53307733159,38.74241871798981,771.2014705782435,1796.4966437936373
9699.435983008709,40.80470748742866,819.2521322617005,5253.354910145948
7598.204973058367,23.02483446923556,484.7703843584136,1994.9734051841372
8681.362326575305,32.689913301231236,608.381964756624,2483.4160933535163
6846.307718660141,34.96042423677129,352.28109525791047,1519.8227235646839
8754.73329806781,39.04936484555422,410.25797627149745,2100.691213194085
8199.423985986767,46.54648804741701,527.406171690588,2644.10283452623
8473.038282160214,30.82607348322574,413.41149374597836,6372.263709960044
7354.427927964605,33.016305225457266,782.1082699337946,3582.449514218305
6338.916584432827,32.8997271148276,387.05744083250397,14373.347967475354
8503.252064749504,30.58777927916367,550.6134518542005,213.91329474615324
5936.596847520545,34.2225080391019,633.1345822529316,3496.513662099751
7682.6495077574655,43.166417759903766,680.5251494884644,4388.052612676499
8941.181866419969,28.569316037085237,510.68815334957867,12640.970033733887
8191.897735873036,40.422515161223224,778.0044877986006,252.03960918250633
9948.342644789813,23.384782159853316,612.575533092859,4260.709694313188
9025.109152581774,32.50929602846235,541.7292792461535,9608.085640946627
7346.101611674423,34.36408559825611,336.98234872862014,1384.882761978619
8027.313379851439,50.39887738331252,555.5792076448407,10449.17073197543
7952.6292974555645,34.801581561978495,751.4047124486517,96.13535210298751
6417.823236653872,19.390052212392654,637.9975600217235,6592.330581566589
7059.601083515647,21.00888874511,757.6893495510151,13523.769786089357
7439.23909302014,37.27223669077345,571.7064188296181,5353.0063546420015
5963.7794971440635,41.91016684631927,365.153937801965,2890.4325156278105
8047.493468251643,40.00364686101802,307.5019152097346,229.59678090591404
7750.928155346959,38.340560846407925,466.77075069522516,12635.761618959941
6327.106098688426,46.298076780045335,683.8947593237858,3177.1866971180953
8404.212865277332,32.68327023410295,734.6429471679317,147.12728899168147
8715.87274469096,44.1592844482146,462.6640590411812,5853.029793752701
8227.034478864889,23.94388091978866,572.609656485786,3287.3295189117853
7675.93182479103,29.760417336495472,531.6153974387448,663.9173187790935
8591.442151751855,22.54366884054547,525.7875313932853,1205.7217986599728
8680.220360476691,34.80123759464166,427.2417922600828,333.3208560901886
8307.403569719689,36.62991026186926,375.0041077662021,4270.026152863628
7175.387749565239,37.91281193781216,408.1787070271672,4864.695369214528
8276.60076551118,37.49506682309708,330.43281293984035,3523.491172825482
9195.480650825479,29.579573353506177,408.9719080029674,8494.1369288903
7403.37094138827,35.47807324469427,305.0604936939587,9866.724052564321
10097.93933913243,25.02042665115401,644.992120349788,4780.675354088564
7474.369066014616,47.905831801058,474.0064740632256,64.19271113789438
8032.4070133401365,34.57099141681599,835.2295912847998,5940.983778317364
7327.514403993664,33.08891104765047,406.5443779269638,2706.4174287696337
8223.27083592026,49.71152262755266,490.2057136702766,4168.458202213872
6257.778307364725,27.062027731606165,496.8126372528433,5235.993586339748
7453.958201183279,27.995303087744247,304.6483228343533,2155.7350220310886
6907.878799651433,28.23023740105148,761.5643741717024,12450.510926500652
8135.338347892291,36.457028946404144,317.5969530793786,719.206743059743
8994.447375508907,40.45305303710078,817.0989091010828,5566.271923601471
8646.006187114552,42.91740374494267,790.6408931014914,21.845553176015517
5628.340639141108,57.57596253995975,594.5370538472799,12928.130121458527
10042.06965292788,19.00454036639389,598.9775662012107,596.757074065457
8295.279940620869,41.869884712995336,659.577857625886,498.4621048736349
7223.500859506999,32.54295541942215,512.8775065641878,2024.8833849421644
8157.127918990941,32.30867880888981,655.9722558688205,2338.5615698859615
8176.189822502693,32.041822973968976,324.62261377866776,1205.9016542466954
7333.151283048436,29.729842633536215,329.7261950423496,4398.849802957196
8197.916667342075,50.476198676827615,551.4767307907493,2925.1791420004047
7392.527712379693,43.73837861611122,602.2922656083192,173.86615242656688
7595.638007309977,37.185567828459,788.2997021847004,1925.7546925904337
7313.720864244916,47.808126019896,357.56334864934297,8315.061495128695
6567.328710260347,24.899768277608995,752.4563599566391,5851.10326960267
8145.836470215384,26.35435894935259,415.5260355106383,6452.573341041038
8585.299436516338,19.576258142442498,516.7460066805176,5988.577512073968
8514.883596076372,31.4046836790137,474.13133915507706,1862.3742627103857
8819.925252635234,38.293588213638024,520.0854000759695,524.9358272349859
8324.340210014869,37.822868623458675,382.77252393992205,1590.480865477655
7467.274501783097,38.194735288479045,576.9635409219552,8912.570702028157
8839.66386443119,25.711545351471344,740.903424407252,19679.221920177406
6642.482460158065,43.425237940912176,542.8437057083934,3404.581564914727
7099.32861748752,38.917020145911984,569.8374667440095,48.73854927230899
7035.7999285767555,42.864434251727985,766.8221719047228,754.3749911251595
9080.05605913931,21.857902579279585,688.331963050917,1943.6342037672412
8942.788514140075,39.49192687038232,569.7499246858815,4320.690049043237
8487.305237044995,27.497878080659785,441.7326065040488,390.3139265157167
9071.929865211798,33.8214139795891,786.7097107647317,14354.960692324368
7120.717217588011,41.274919189091065,617.3612209298071,2271.310288617743
8348.59511986098,37.7287488500473,421.63118556088136,12185.397198397251
7874.825571616836,30.18768016176545,448.01586395090567,7582.511902947734
8846.882103884915,37.05018524947535,741.7231989149352,7041.417244215452
7884.7757674478025,24.747717478050856,324.2800591481005,4666.161920549498
7615.057111589918,46.20213916718637,845.650702865851,4927.987241399274
8540.90851856099,35.35772784402999,371.69342384313546,5080.600021288804
8876.169167191232,45.94839955404261,737.8376889683155,4954.012599250783
7331.654805153198,32.78774650323166,517.1264242244256,4034.1358294895426
7938.924328647624,32.81139209274734,570.7189008081068,21493.58394325175
6941.559366358348,30.88650570689723,784.3578176055178,6589.265467304805
5501.938982507061,44.0093914535446,527.1011542740673,7501.7156281009675
8200.459631413729,31.324550741372192,595.621564520279,10296.736552508228
8608.905356254632,42.15676345932141,327.1148143250435,1214.4343892208617
8262.066809086726,33.94038081864568,301.2911106270992,437.6256852271585
6050.438282245633,21.192293600867043,434.6399301509492,3297.541203938545
7649.150569923526,32.43748745770827,674.3207011053221,3608.5635461837314
5781.652239948919,27.567134285097215,366.6956913475252,8835.77664275363
9369.701107654184,37.2712217894587,362.56907734250217,2932.989072865028
6913.945417881914,27.47673811460408,526.0283344197468,4229.779104642703
9255.403609459896,44.40780080571693,656.3103712345246,3744.049387266215
8945.869643684146,36.27139311717578,691.6395957363618,194.7582223159744
7099.409647463938,35.57923204193009,398.1478707541061,4775.351367549396
6867.215048732255,42.24713710230066,343.77348105462335,8802.562476594792
8350.370216386338,44.7112554726069,817.2183686700494,856.9113364545528
7155.675962816929,36.839209985842785,443.3665104091559,4511.097660040164
8102.484642158208,30.830397603605675,769.3405736847981,4502.21664517409
7517.172409193082,22.808243071102964,774.9202977545501,896.7396962391008
6218.8415855343665,31.51160194371856,724.8874254693994,658.8850835299704
5769.531980875541,32.062302026816305,392.85848365891354,19573.117663471025
8226.684248494597,37.85645962393838,751.9908025898102,2502.059919214588
7438.442253669375,34.23882495089578,723.0878075828728,1290.109766511145
7446.910183085868,42.50346377641142,628.1976445584194,939.6334479360585
8695.863839093785,32.096133829834486,485.461119342924,5507.106855991765
9173.442276632444,36.543670665176464,444.3797323465992,4700.936179221285
7727.455278638191,46.47189954557511,367.0390666441974,5157.836286777442
7659.401293090138,39.73460171163973,580.3663867954792,460.60949021540216
8500.143033113884,36.51969966649148,621.8934815304156,11199.675371264811
6643.064430300425,32.184444464518585,497.636444783683,2465.4720810544677
8223.153054747698,31.934148826280182,561.4474872244778,1879.7942044150168
8551.885971822154,30.195093976384417,499.9329515530967,3102.843898178061
8680.23020841763,32.67194507373681,652.5533315263857,2472.0231609222255
6063.247297497535,43.045326709954516,795.6925642881099,9959.974745486614
7238.644730191059,35.22489382966185,390.15614412581965,13243.789404820593
7121.736747176534,26.20181544495015,509.7748454467179,1808.1015926358593
8099.886954409213,51.145354344478264,377.47773217297373,9973.142503169995
8480.744579767985,39.5597215291613,643.7190737243076,7605.375630181049
9496.710407445982,25.744452795894645,700.8787802187277,13354.326472697008
7505.034519631927,33.46520858207341,812.5520029286007,1410.1590742272786
7502.427501690786,37.88709106262734,453.3795594435307,4301.432663903003
9149.672018878748,50.636736746379015,822.6161632259866,1604.778311790175
8296.576938530305,28.135100333929046,334.79446950137117,8689.041529332877
9267.651511187974,44.80832575484757,631.6576248505235,26.69207291858203
8288.728003009835,48.195891415778746,331.4229956388315,4159.968083887477
6842.883381286729,31.97076555940344,791.5758032690696,2071.546246958159
6666.871645222193,34.779891049118135,591.3949813885297,1948.0845867783864
6448.487750941071,28.709526021009836,668.1415929195379,5176.868239395655
8662.051834758473,35.37231087135756,757.3656592507489,9535.328038988455
9188.596823087008,36.70728020525655,382.6708423661828,4697.737830665552
9849.36214138638,42.277199984658964,321.22535906597363,9592.50055288178
8843.10533232324,45.72146776816358,783.3846302520687,1536.6839142320284
9162.838577534985,31.015231483026824,473.21327510241287,3664.6595532602073
7419.983667346315,21.261399486192044,370.9383993599409,2994.0650123343853
6843.584183256144,36.830041765790064,557.6536803978976,58.56616174704852
8850.079332417554,39.34830023974912,629.0683416328104,4068.807713538374
8417.680752239401,38.99534150148033,317.0338318823806,5416.515239207629
8107.444374340893,34.38661401992765,451.19261204139826,4481.391667454769
8387.37148063299,37.99801679731148,318.0399308522928,6664.334804669585
8323.185482458206,49.12355846681798,531.1844640575245,4235.450575124729
9283.816859853561,40.05387335170008,792.3050159864343,345.41217133122785
9294.985584816955,34.013052599975325,840.4588263214631,619.0116495477728
8544.220352340348,32.99841746323203,650.3761544269951,4537.5789420457695
8845.802872562928,35.641181138578155,388.9007315815255,1607.7746190665334
8514.062552424775,50.093919694645116,798.2171644996181,414.9797700171963
7538.830267965381,35.533594323790425,583.9363027600332,2807.1110979301034
8756.56467491314,36.841645243834336,384.562121656605,4040.7995138441615
6605.504931140738,33.141491432509575,806.9496681984137,1993.0382839449899
9053.891552295883,45.791866859535716,716.6079778977066,6372.579065879374
6805.477060233965,52.6786980379574,702.4378999977334,5160.901981871179
8285.803286794733,40.60490439545111,690.0493870869226,2023.4647396904113
7154.846041573841,37.662183230283404,410.1869016030433,7029.884567861351
8553.388983074427,37.29426266539388,416.0536804391393,5230.5030401688355
7966.074774072091,17.925545689714035,678.5611491349903,5072.900683197586
6405.244041836668,42.96120691427854,420.8475125607183,4030.769837224188
8420.699631018479,38.07333132796675,541.2694332416769,57.275135552167
7422.0792231672895,40.4267364052858,730.1010040766678,5961.986687749041
8881.146720813369,31.308302447330362,731.1738849538126,2358.359428934184
8001.325688734407,33.92434496818327,549.2939748892228,14289.400782469938
8395.420985388038,33.711800507974615,735.7044660513848,8518.324600029811
7042.431044984788,45.17298387258431,761.2419879089312,4429.953128294072
7410.667768572638,33.969921307175255,660.1266632063432,1452.9781090499864
7541.361363898915,53.66128257687838,425.6342187696311,1139.005612882442
8856.702480242555,40.4468993521203,450.70647921205114,2080.4935070672723
9677.37708780549,26.794538720034147,473.16263547480446,3236.740221289937
7194.828248257124,35.971629653984344,364.2422592536736,1755.3499059324254
9076.84814465768,31.786599022748675,450.2377912034698,3617.305141425589
5830.322582274298,19.444940241439806,415.23557337189266,903.8363796516246
6805.81059890771,49.79576752091032,550.4308123947312,19018.716659041867
7041.221543813225,42.62514033776003,799.6406513297457,571.0228517156314
6647.491310559278,41.2656585431945,357.464174214677,13437.132176807503
6416.41161021242,38.323229282397634,696.1473581710676,12242.565689485837
8412.998912137798,25.9438594504605,678.0056524272202,3725.998360792306
7785.932302272138,33.13106288355651,352.6648092648467,6453.289751511346
8379.40539760511,43.7342461982721,807.41482269819,2863.933329270543
8690.472686121513,28.59023976173998,612.6597111862508,4971.72865264127
8265.616993172533,16.74584546999349,500.0490366246263,2081.9422869162636
8657.763176150374,35.18315193775259,716.0962209224188,1791.660293730053
7930.467713757731,35.86593956777969,441.5510021208987,4316.4731511935415
6813.006611694255,38.084507331317674,681.4304103754762,3447.0675388351624
9057.814180820797,42.82814914811629,321.84116416473597,4331.986467796447
7410.887867218873,42.100846497849666,761.6744206850996,1688.989643823475
7064.403701237574,39.07015844195137,546.4939658617252,2286.091213269419
7822.082124195602,46.564251104693675,650.181102896868,438.13761909413614
7087.189080703487,24.848241753493483,421.680800893676,268.46175581758297
7582.569618010568,41.03665451581912,672.3905419621464,1461.511176082491
8344.053921563467,42.01230690669554,724.7321517413021,385.7383331328565
8348.341739246127,27.083501711358082,560.2672527864192,547.8172817869573
7102.169933574371,24.977035130540884,639.7498082339869,8381.319382716747
7512.294627051256,31.03246298819519,550.9792581023192,198.24724972561594
9074.333004770244,31.707668459877667,791.750253091815,5378.525280232734
8496.400117733941,43.02735570801944,573.8280492828756,1591.1033145110862
10075.065039348541,32.08368973047124,762.9947899658504,10260.909648705594
9180.128173741528,30.14921185375037,740.7436320486368,3317.866985138537
9144.293068559939,32.10693010644353,525.7776517415961,1823.3660773651775
6612.131449544198,45.949058673233694,426.54647052161124,3645.311746419777
8763.860351633422,37.10434699501562,523.345172907874,2405.9944674207322
7946.89319830309,35.565991797144704,754.419556676371,4154.01894723186
7449.01819646175,36.11995601039159,425.1978947006658,608.1997041456109
8168.015340532528,47.336482674612185,588.4399902217622,29029.911307672402
8945.211534611484,31.006626187174064,743.3532113784111,2771.7622480168075
8500.831591004211,47.52406632752083,494.41261132060833,2140.32260759685
7121.52619865794,38.68397039137203,653.2153003514836,6192.991164104536
8742.45891359262,35.71664494419722,435.097365726848,2261.9928113053907
7362.412457924036,57.007203983474255,360.10369495248796,8957.026810519648
8216.683118964287,28.554884081611227,736.9113238010709,3028.1612918229894
7696.649932522866,34.17051392346395,354.43274287478874,6356.949113206933
7781.133748264374,27.140550086688,449.2597672937715,568.3817407481957
8766.24297504051,44.619695764289354,770.3101820985921,9357.884541923378
6959.806280184102,50.513511469213434,490.558107893267,6653.692570442088
9945.195074276933,50.35938225123711,835.1749422327886,1189.48917752015
6178.913930705504,46.791590025168034,838.8538841256228,784.941901651654
7402.332316745143,35.41903625763228,447.5518112494562,1901.1243157151669
8370.21188994174,34.07807218008123,322.53802223743975,18663.234333926124
8584.31416643531,23.63064182004748,687.7848063129585,1484.162885008036
7899.524279428295,53.28698828145434,548.042576456589,3045.199497232266
7942.6092969984575,40.751824625187744,355.41406417776693,152.40029478542436
8410.550085327617,33.06434476104413,689.1375504379236,2531.0774137939916
7768.9305225423195,47.62445511189574,317.1462000115567,4235.2229756939705
9393.181257934906,29.217883865919994,778.6081797707332,15301.312641144925
8839.349114231602,40.25297627378139,376.25889101231706,3635.9614189698214
8872.824351005635,35.61896692567332,370.02153331069877,8549.256929478273
7033.843276629583,42.109417119042405,396.6197638827215,3960.724824397387
7920.611575594297,36.49141168651103,828.1464971706366,208.20025683098572
7699.534051279296,25.392576871110208,681.2431481396153,1891.742606809478
6994.398624310535,37.6046109813603,740.7543445050002,4284.79953126891
8360.164183945766,45.3909131350029,518.6992421530142,15038.413575521914
7462.354242220184,36.76626875316812,484.97200012772555,9799.601767474598
8655.403829850236,43.20092097271269,428.9662037307435,1296.1573760632893
6929.808437105668,28.635764114607575,564.356415571825,1243.010884648566
9719.040612841822,36.78991365384118,603.5058034437927,1123.054180713352
7103.667341407938,32.00391635929138,647.4761640090155,12787.315507331088
8219.302337200435,42.97584672083768,441.41517719928197,9575.270999218481
8791.859310388067,37.25193249809597,821.7597444966449,7455.684660292303
7429.359569799887,42.5205894106929,393.3671740139247,2493.950989889356
8852.46864343295,45.70168340926293,831.1092461215268,3509.7359798160014
6770.8164021995835,42.53294860097111,308.17086737912706,3121.20118191129
9452.11769918256,39.18494747434915,564.6191304992651,1461.1158887992608
8014.149264965758,29.014301931908758,483.3523109641095,3516.2708845251
7403.58859203112,36.97771111466479,547.017877661638,154.85621777822843
7700.818227572566,32.73527678387333,613.865518439434,706.725622344521
8808.91926939272,34.24748834636619,539.5740369069899,10883.710736774197
7415.544708149562,34.00372679399799,528.1657676658772,6965.180519044271
7250.642310577223,29.160595401742043,702.9978784773186,2748.4248895985897
7778.4634024162615,21.341291286928083,677.2319512975555,3640.2499143632213
6823.037887230032,31.654855613377865,758.2992051197164,2310.1684564031298
9820.543907941816,38.54703561539327,437.47743968172256,6750.388222645875
7433.605408785277,26.21458363658008,635.240680364735,7666.719087530738
8831.616786180404,37.125457891772996,621.8571319660696,7204.4959831273845
8209.470083647773,52.20214739448772,503.3557959799788,6411.685194408303
7015.465949518032,45.184452442017914,567.3316480464746,1143.9494263208337
7994.0452907872705,50.14833207296424,472.5801788181508,2062.221877470037
8784.002779310747,40.12902301546181,378.0144186893418,3172.9334142303633
7811.738664913693,46.34007858389157,417.5906658645031,2008.3091843171253
9193.112945851028,31.208282156257702,358.0325055206606,7031.2650861695765
9021.515392781865,31.845277863824126,675.6882663545682,1997.5657131214643
8918.91485465833,15.086878350900218,663.4000662100334,743.8464339050151
7540.343227727003,46.48916379233839,822.8335043689301,2546.138273064401
6920.157552218513,49.32259183855909,701.3231275059827,19538.768853561585
